fsq_category_id,cluster_id
0042340cf99f8ad903f22351,547
04e2f9ac7b7a4dd630508fc9,547
07cf82899a35464b7e10b7ba,547
0b4a2ef8fd0244c6b907521b,547
0bbcd9242fcc040f1a0fcb20,547
0c05ee7ce2e044b04108f32d,547
0d7fa44306ac44827ee6bf7f,547
0e3bf3145b05bf43b94cdfc6,547
1005f102e586cae7def3346e,547
10344d6408d3ac841e79eb86,547
11765d869e1544bda68703a8,547
120088b4d19d4b3b6f85c3c6,547
1235793c4499e34c78f2e9a0,547
124342ec84674a3effd0d2fd,547
12dbccd5b281efa4a2688ab7,547
1746a89fc5541b1f7f6bb57f,547
1cc4347f1ee247494235fe3c,547
1e4dd4835544bdaa561219b4,547
1f79ac1eee20738276e6a42d,547
21008c6b0816419a9192c8f9,547
214f68a548c7218f83ba4ded,547
227ea4637afe42b620c69947,547
2812cc5bbd753ed70b7c3bef,547
29770a97142f7cc952d2e88c,547
2c0fca97cedb42cd5d5aa568,547
2c36a4603e3a4108c4fe98a9,547
32675b82b6c04bed190f8073,547
35d24b9cf5d14f78a7905a69,547
35ec501864f0bb00c8081d0f,547
3a0186b5a58f4d5145256bdd,547
3a9f6e9f55c638e77633b384,547
3ad014d868fb49cf83f62da4,547
3b0606dbf6b2e8e3e9694e2e,547
3c5778875d494ef4a36fb96b,547
3f60b0fdd02b40213ea490e8,547
3f9d63f58f660b1dc408ab8f,547
48ebf1e920214dac56aa7657,547
4bf58dd8d48988d100941735,72
4bf58dd8d48988d100951735,92
4bf58dd8d48988d101941735,521
4bf58dd8d48988d101951735,199
4bf58dd8d48988d102941735,735
4bf58dd8d48988d102951735,201
4bf58dd8d48988d103951735,202
4bf58dd8d48988d103951736,547
4bf58dd8d48988d103951737,547
4bf58dd8d48988d103951738,547
4bf58dd8d48988d103951739,547
4bf58dd8d48988d103951740,547
4bf58dd8d48988d103951741,547
4bf58dd8d48988d103951742,547
4bf58dd8d48988d103951743,547
4bf58dd8d48988d103951744,547
4bf58dd8d48988d103951745,547
4bf58dd8d48988d103951747,547
4bf58dd8d48988d103951748,547
4bf58dd8d48988d103951749,547
4bf58dd8d48988d103951750,547
4bf58dd8d48988d103951751,547
4bf58dd8d48988d103951752,547
4bf58dd8d48988d103951753,547
4bf58dd8d48988d103951754,547
4bf58dd8d48988d103951755,547
4bf58dd8d48988d103951756,547
4bf58dd8d48988d103951758,547
4bf58dd8d48988d103951759,547
4bf58dd8d48988d103951760,547
4bf58dd8d48988d103951761,547
4bf58dd8d48988d103951762,547
4bf58dd8d48988d103951764,547
4bf58dd8d48988d103951765,547
4bf58dd8d48988d103951766,547
4bf58dd8d48988d103951768,547
4bf58dd8d48988d103951770,547
4bf58dd8d48988d103951772,547
4bf58dd8d48988d103951773,547
4bf58dd8d48988d103951774,547
4bf58dd8d48988d103951777,547
4bf58dd8d48988d103951780,547
4bf58dd8d48988d103951782,547
4bf58dd8d48988d103951786,547
4bf58dd8d48988d103951787,547
4bf58dd8d48988d103951788,547
4bf58dd8d48988d103951789,547
4bf58dd8d48988d103951790,547
4bf58dd8d48988d103951791,547
4bf58dd8d48988d103951793,547
4bf58dd8d48988d103951794,547
4bf58dd8d48988d104941735,179
4bf58dd8d48988d104951735,200
4bf58dd8d48988d105941735,98
4bf58dd8d48988d105951735,202
4bf58dd8d48988d106941735,61
4bf58dd8d48988d106951735,530
4bf58dd8d48988d107941735,257
4bf58dd8d48988d107951735,81
4bf58dd8d48988d108941735,390
4bf58dd8d48988d108951735,732
4bf58dd8d48988d109941735,209
4bf58dd8d48988d109951735,201
4bf58dd8d48988d10a941735,405
4bf58dd8d48988d10a951735,82
4bf58dd8d48988d10b941735,406
4bf58dd8d48988d10b951735,53
4bf58dd8d48988d10c941735,210
4bf58dd8d48988d10c951735,178
4bf58dd8d48988d10d941735,223
4bf58dd8d48988d10d951735,612
4bf58dd8d48988d10e941735,189
4bf58dd8d48988d10e951735,160
4bf58dd8d48988d10f941735,226
4bf58dd8d48988d10f951735,96
4bf58dd8d48988d110941735,220
4bf58dd8d48988d110951735,16
4bf58dd8d48988d111941735,229
4bf58dd8d48988d111951735,483
4bf58dd8d48988d112941735,484
4bf58dd8d48988d112951735,80
4bf58dd8d48988d113941735,493
4bf58dd8d48988d113951731,547
4bf58dd8d48988d113951732,547
4bf58dd8d48988d113951735,425
4bf58dd8d48988d113951736,547
4bf58dd8d48988d113951737,547
4bf58dd8d48988d113951738,547
4bf58dd8d48988d113951739,547
4bf58dd8d48988d113951744,547
4bf58dd8d48988d113951748,547
4bf58dd8d48988d113951755,547
4bf58dd8d48988d113951756,547
4bf58dd8d48988d113951760,547
4bf58dd8d48988d113951763,547
4bf58dd8d48988d114941735,547
4bf58dd8d48988d114951735,152
4bf58dd8d48988d115941735,533
4bf58dd8d48988d115951735,31
4bf58dd8d48988d116941735,197
4bf58dd8d48988d116951735,199
4bf58dd8d48988d117941735,149
4bf58dd8d48988d117951735,314
4bf58dd8d48988d118941735,114
4bf58dd8d48988d118951735,194
4bf58dd8d48988d118951740,547
4bf58dd8d48988d118951741,547
4bf58dd8d48988d119941735,197
4bf58dd8d48988d119951735,190
4bf58dd8d48988d11a951735,299
4bf58dd8d48988d11b941735,164
4bf58dd8d48988d11b951735,419
4bf58dd8d48988d11c941735,197
4bf58dd8d48988d11d941735,657
4bf58dd8d48988d11d951735,307
4bf58dd8d48988d11e941735,198
4bf58dd8d48988d11e951735,332
4bf58dd8d48988d11f941735,104
4bf58dd8d48988d11f951735,547
4bf58dd8d48988d120941735,29
4bf58dd8d48988d120951735,86
4bf58dd8d48988d121941735,507
4bf58dd8d48988d121951735,561
4bf58dd8d48988d122941735,190
4bf58dd8d48988d122951735,80
4bf58dd8d48988d123941735,190
4bf58dd8d48988d123951735,83
4bf58dd8d48988d124941735,177
4bf58dd8d48988d124951735,182
4bf58dd8d48988d125941735,79
4bf58dd8d48988d126941735,437
4bf58dd8d48988d126951735,53
4bf58dd8d48988d127941735,72
4bf58dd8d48988d127951735,260
4bf58dd8d48988d128941735,97
4bf58dd8d48988d128951735,200
4bf58dd8d48988d129941735,95
4bf58dd8d48988d129951735,118
4bf58dd8d48988d12a941735,315
4bf58dd8d48988d12a951735,697
4bf58dd8d48988d12b941735,85
4bf58dd8d48988d12b951735,113
4bf58dd8d48988d12c941735,413
4bf58dd8d48988d12c951735,396
4bf58dd8d48988d12d941735,123
4bf58dd8d48988d12d951735,42
4bf58dd8d48988d12e941735,596
4bf58dd8d48988d12e951735,547
4bf58dd8d48988d12f941735,152
4bf58dd8d48988d12f951735,616
4bf58dd8d48988d130941735,666
4bf58dd8d48988d130951735,3
4bf58dd8d48988d131941735,20
4bf58dd8d48988d131951735,547
4bf58dd8d48988d132941735,25
4bf58dd8d48988d132951735,148
4bf58dd8d48988d133941735,547
4bf58dd8d48988d133951735,48
4bf58dd8d48988d134941735,56
4bf58dd8d48988d135941735,170
4bf58dd8d48988d136941735,565
4bf58dd8d48988d137941735,169
4bf58dd8d48988d138941735,540
4bf58dd8d48988d139941735,673
4bf58dd8d48988d13a941735,38
4bf58dd8d48988d13b941735,115
4bf58dd8d48988d13d941735,116
4bf58dd8d48988d141941735,214
4bf58dd8d48988d142941735,263
4bf58dd8d48988d143941735,8
4bf58dd8d48988d144941735,320
4bf58dd8d48988d145941735,234
4bf58dd8d48988d146941735,213
4bf58dd8d48988d147941735,121
4bf58dd8d48988d148941735,385
4bf58dd8d48988d149941735,689
4bf58dd8d48988d14a941735,716
4bf58dd8d48988d14b941735,729
4bf58dd8d48988d14c941735,730
4bf58dd8d48988d14d941735,571
4bf58dd8d48988d14e941735,185
4bf58dd8d48988d14f941735,207
4bf58dd8d48988d150941735,217
4bf58dd8d48988d151941735,675
4bf58dd8d48988d152941735,256
4bf58dd8d48988d153941735,305
4bf58dd8d48988d154941735,366
4bf58dd8d48988d155941735,213
4bf58dd8d48988d156941735,513
4bf58dd8d48988d157941735,185
4bf58dd8d48988d158941735,672
4bf58dd8d48988d159941735,450
4bf58dd8d48988d15a941735,165
4bf58dd8d48988d15b941735,128
4bf58dd8d48988d15c941735,123
4bf58dd8d48988d15d941735,501
4bf58dd8d48988d15e941735,101
4bf58dd8d48988d15f941735,408
4bf58dd8d48988d160941735,460
4bf58dd8d48988d161941735,51
4bf58dd8d48988d162941735,119
4bf58dd8d48988d163941735,77
4bf58dd8d48988d164941735,157
4bf58dd8d48988d165941735,637
4bf58dd8d48988d166941735,64
4bf58dd8d48988d167941735,46
4bf58dd8d48988d168941735,47
4bf58dd8d48988d169941735,267
4bf58dd8d48988d16a941735,274
4bf58dd8d48988d16b941735,218
4bf58dd8d48988d16c941735,18
4bf58dd8d48988d16d941735,310
4bf58dd8d48988d16e941735,168
4bf58dd8d48988d16e941736,547
4bf58dd8d48988d16e941737,547
4bf58dd8d48988d16e941738,547
4bf58dd8d48988d16e941739,547
4bf58dd8d48988d16e941740,547
4bf58dd8d48988d16e941741,547
4bf58dd8d48988d16e941742,547
4bf58dd8d48988d16e941743,547
4bf58dd8d48988d16e941744,547
4bf58dd8d48988d16f941735,459
4bf58dd8d48988d171941735,133
4bf58dd8d48988d172941735,600
4bf58dd8d48988d173941735,167
4bf58dd8d48988d174941735,362
4bf58dd8d48988d175941735,98
4bf58dd8d48988d176941735,98
4bf58dd8d48988d177941735,171
4bf58dd8d48988d178941735,153
4bf58dd8d48988d179941735,272
4bf58dd8d48988d17a941735,311
4bf58dd8d48988d17b941735,70
4bf58dd8d48988d17c941735,17
4bf58dd8d48988d17e941735,170
4bf58dd8d48988d17f941735,169
4bf58dd8d48988d180941735,545
4bf58dd8d48988d181941735,205
4bf58dd8d48988d182941735,32
4bf58dd8d48988d183941735,547
4bf58dd8d48988d184941735,146
4bf58dd8d48988d185941735,89
4bf58dd8d48988d186941735,196
4bf58dd8d48988d187941735,696
4bf58dd8d48988d188941735,146
4bf58dd8d48988d189941735,146
4bf58dd8d48988d18a941735,66
4bf58dd8d48988d18b941735,76
4bf58dd8d48988d18c941735,139
4bf58dd8d48988d18d941735,27
4bf58dd8d48988d18e941735,352
4bf58dd8d48988d18f941735,205
4bf58dd8d48988d190941735,205
4bf58dd8d48988d191941735,639
4bf58dd8d48988d192941735,12
4bf58dd8d48988d193941735,77
4bf58dd8d48988d194941735,58
4bf58dd8d48988d196941735,180
4bf58dd8d48988d197941735,193
4bf58dd8d48988d198941735,193
4bf58dd8d48988d199941735,193
4bf58dd8d48988d19a941735,193
4bf58dd8d48988d19b941735,193
4bf58dd8d48988d19c941735,349
4bf58dd8d48988d19d941735,193
4bf58dd8d48988d19e941735,193
4bf58dd8d48988d19f941735,193
4bf58dd8d48988d1a0941735,348
4bf58dd8d48988d1a1941735,97
4bf58dd8d48988d1a2941735,191
4bf58dd8d48988d1a3941735,193
4bf58dd8d48988d1a5941735,195
4bf58dd8d48988d1a6941735,183
4bf58dd8d48988d1a7941735,152
4bf58dd8d48988d1a8941735,192
4bf58dd8d48988d1a9941735,191
4bf58dd8d48988d1aa941735,350
4bf58dd8d48988d1ab941735,191
4bf58dd8d48988d1ac941735,351
4bf58dd8d48988d1ad941735,24
4bf58dd8d48988d1ae941735,192
4bf58dd8d48988d1af941735,167
4bf58dd8d48988d1b0941735,214
4bf58dd8d48988d1b1941735,152
4bf58dd8d48988d1b2941735,98
4bf58dd8d48988d1b3941735,527
4bf58dd8d48988d1b4941735,146
4bf58dd8d48988d1b5941735,89
4bf58dd8d48988d1b6941735,61
4bf58dd8d48988d1b7941735,145
4bf58dd8d48988d1b8941735,141
4bf58dd8d48988d1b9941735,66
4bf58dd8d48988d1ba941735,76
4bf58dd8d48988d1bb941735,347
4bf58dd8d48988d1bc941735,90
4bf58dd8d48988d1bd941735,628
4bf58dd8d48988d1be941735,217
4bf58dd8d48988d1bf941735,509
4bf58dd8d48988d1c0941735,529
4bf58dd8d48988d1c1941735,217
4bf58dd8d48988d1c2941735,536
4bf58dd8d48988d1c3941735,539
4bf58dd8d48988d1c4941735,232
4bf58dd8d48988d1c5941735,18
4bf58dd8d48988d1c6941735,636
4bf58dd8d48988d1c7941735,647
4bf58dd8d48988d1c8941735,242
4bf58dd8d48988d1c9941735,467
4bf58dd8d48988d1ca941735,213
4bf58dd8d48988d1cb941735,420
4bf58dd8d48988d1cc941735,129
4bf58dd8d48988d1cd941735,207
4bf58dd8d48988d1ce941735,127
4bf58dd8d48988d1cf941735,547
4bf58dd8d48988d1d0941735,90
4bf58dd8d48988d1d1941735,553
4bf58dd8d48988d1d2941735,669
4bf58dd8d48988d1d3941735,712
4bf58dd8d48988d1d4941735,656
4bf58dd8d48988d1d5941735,461
4bf58dd8d48988d1d6941735,665
4bf58dd8d48988d1d7941735,547
4bf58dd8d48988d1d8941735,428
4bf58dd8d48988d1db931735,680
4bf58dd8d48988d1dc931735,684
4bf58dd8d48988d1dd931735,652
4bf58dd8d48988d1de931735,682
4bf58dd8d48988d1de941735,718
4bf58dd8d48988d1df931735,18
4bf58dd8d48988d1df941735,300
4bf58dd8d48988d1e0931735,175
4bf58dd8d48988d1e0941735,42
4bf58dd8d48988d1e1931735,254
4bf58dd8d48988d1e1941735,76
4bf58dd8d48988d1e2931735,205
4bf58dd8d48988d1e2941735,106
4bf58dd8d48988d1e3931735,148
4bf58dd8d48988d1e3941735,65
4bf58dd8d48988d1e4931735,0
4bf58dd8d48988d1e4941735,15
4bf58dd8d48988d1e5931735,91
4bf58dd8d48988d1e5941735,381
4bf58dd8d48988d1e6931735,547
4bf58dd8d48988d1e6941735,49
4bf58dd8d48988d1e7931735,482
4bf58dd8d48988d1e7941735,77
4bf58dd8d48988d1e8931735,587
4bf58dd8d48988d1e8941735,140
4bf58dd8d48988d1e9931735,622
4bf58dd8d48988d1e9941735,162
4bf58dd8d48988d1ea941735,162
4bf58dd8d48988d1eb931735,117
4bf58dd8d48988d1eb941735,162
4bf58dd8d48988d1ec931735,118
4bf58dd8d48988d1ec941735,162
4bf58dd8d48988d1ed931735,117
4bf58dd8d48988d1ed941735,655
4bf58dd8d48988d1ee931735,147
4bf58dd8d48988d1ef931735,86
4bf58dd8d48988d1ef941735,34
4bf58dd8d48988d1f0931735,243
4bf58dd8d48988d1f0941735,477
4bf58dd8d48988d1f1931735,131
4bf58dd8d48988d1f1941735,287
4bf58dd8d48988d1f2931735,583
4bf58dd8d48988d1f2941735,125
4bf58dd8d48988d1f3931735,547
4bf58dd8d48988d1f3941735,695
4bf58dd8d48988d1f4931735,61
4bf58dd8d48988d1f4941735,135
4bf58dd8d48988d1f5931735,376
4bf58dd8d48988d1f5941735,200
4bf58dd8d48988d1f6931735,108
4bf58dd8d48988d1f6941735,200
4bf58dd8d48988d1f7931735,28
4bf58dd8d48988d1f7941735,416
4bf58dd8d48988d1f8931735,8
4bf58dd8d48988d1f8941735,87
4bf58dd8d48988d1f9931735,620
4bf58dd8d48988d1f9941735,110
4bf58dd8d48988d1fa931735,147
4bf58dd8d48988d1fa941735,128
4bf58dd8d48988d1fb931735,147
4bf58dd8d48988d1fb941735,452
4bf58dd8d48988d1fc931735,118
4bf58dd8d48988d1fc941735,11
4bf58dd8d48988d1fd931735,118
4bf58dd8d48988d1fd941735,184
4bf58dd8d48988d1fe931735,113
4bf58dd8d48988d1fe941735,91
4bf58dd8d48988d1ff931735,71
4bf58dd8d48988d1ff941735,200
4c150da777cea593bb81d160,547
4c22371099282d7fa9bc66b0,547
4c2cd86ed066bed06c3c5209,433
4c38df4de52ce0d596b336e1,577
4cae28ecbf23941eb1190695,597
4cce455aebf7b749d5e191f5,145
4d00e5381ebe6dcba9ff8991,547
4d1cf8421a97d635ce361c31,678
4d205030cbe5451c315a233b,547
4d41918faae1b1f7887c91f5,547
4d4ae6fc7a7b7dea34424761,22
4d4b7104d754a06370d81259,261
4d4b7105d754a06372d81259,192
4d4b7105d754a06373d81259,132
4d4b7105d754a06374d81259,232
4d4b7105d754a06375d81259,151
4d4b7105d754a06377d81259,119
4d4b7105d754a06378d81259,200
4d4b7105d754a06379d81259,108
4d954af4a243a5684765b473,92
4d954af4a243a5684765b474,547
4d954af4a243a5684765b475,547
4d954af4a243a5684765b476,547
4d954af4a243a5684765b477,547
4d954af4a243a5684765b478,547
4d954af4a243a5684765b479,547
4d954af4a243a5684765b480,547
4d954af4a243a5684765b481,547
4d954af4a243a5684765b482,547
4d954af4a243a5684765b483,547
4d954af4a243a5684765b484,547
4d954af4a243a5684765b485,547
4d954af4a243a5684765b486,547
4d954af4a243a5684765b487,547
4d954af4a243a5684765b488,547
4d954af4a243a5684765b489,547
4d954af4a243a5684765b490,547
4d954af4a243a5684765b491,547
4d954af4a243a5684765b492,547
4d954af4a243a5684765b493,547
4d954af4a243a5684765b494,547
4d954af4a243a5684765b495,547
4d954af4a243a5684765b496,547
4d954af4a243a5684765b497,547
4d954af4a243a5684765b498,547
4d954af4a243a5684765b499,547
4d954af4a243a5684765b500,547
4d954af4a243a5684765b501,547
4d954af4a243a5684765b503,547
4d954af4a243a5684765b504,547
4d954af4a243a5684765b505,547
4d954af4a243a5684765b506,547
4d954af4a243a5684765b507,547
4d954af4a243a5684765b508,547
4d954af4a243a5684765b509,547
4d954af4a243a5684765b510,547
4d954af4a243a5684765b511,547
4d954af4a243a5684765b512,547
4d954af4a243a5684765b513,547
4d954af4a243a5684765b514,547
4d954af4a243a5684765b515,547
4d954af4a243a5684765b516,547
4d954af4a243a5684765b517,547
4d954af4a243a5684765b518,547
4d954af4a243a5684765b519,547
4d954af4a243a5684765b520,547
4d954af4a243a5684765b521,547
4d954af4a243a5684765b523,547
4d954af4a243a5684765b524,547
4d954af4a243a5684765b525,547
4d954af4a243a5684765b526,547
4d954af4a243a5684765b527,547
4d954af4a243a5684765b528,547
4d954af4a243a5684765b529,547
4d954af4a243a5684765b530,547
4d954af4a243a5684765b531,547
4d954af4a243a5684765b532,547
4d954af4a243a5684765b533,547
4d954af4a243a5684765b534,547
4d954afda243a5684865b473,75
4d954b06a243a5684965b473,250
4d954b0ea243a5684a65b473,200
4d954b16a243a5684b65b473,618
4ddd092b1838306b8213f021,547
4deefb944765f83613cdba6e,451
4deefc054765f83613cdba6f,230
4def73e84765ae376e57713a,218
4df529f3d1649c8a28e8e546,547
4e0e22f5a56208c4ea9a85a0,379
4e39a891bd410d7aed40cbc2,144
4e39a956bd410d7aed40cbc3,142
4e39a9cebd410d7aed40cbc4,142
4e4c9077bd41f78e849722f9,31
4e51a0c0bd41d3446defbb2e,547
4e52adeebd41615f56317744,1
4e52d2d203646f7c19daa8ae,249
4e67e38e036454776db1fb3a,615
4e7226641fc7d5475761b61c,547
4e74f6cabd41c4836eac4c31,45
4e9630e36da11364e6a5cce2,547
4eb1baf03b7b2c5b1d4306ca,661
4eb1bc533b7b2c5b1d4306cb,244
4eb1bd1c3b7b55596b4a748f,409
4eb1bdde3b7b55596b4a7490,93
4eb1bdf03b7b55596b4a7491,93
4eb1bea83b7b6f98df247e06,103
4eb1bf013b7b6f98df247e07,720
4eb1bfa43b7b52c0e1adc2e8,218
4eb1c0253b7b52c0e1adc2e9,165
4eb1c0ed3b7b52c0e1adc2ea,644
4eb1c0f63b7b52c0e1adc2eb,162
4eb1c1623b7b52c0e1adc2ec,163
4eb1d4d54b900d56c88a45fc,7
4eb1d4dd4b900d56c88a45fd,51
4eb1d5724b900d56c88a45fe,231
4eb1d80a4b900d56c88a45ff,38
4eb1daf44b900d56c88a4600,24
4edd64a0c7ddd24ca188df1a,415
4f04aa0c2fb6e1c99f3db0b8,16
4f04ad622fb6e1c99f3db0b9,107
4f04ae1f2fb6e1c99f3db0ba,317
4f04af1f2fb6e1c99f3db0bb,181
4f04afc02fb6e1c99f3db0bc,68
4f04b08c2fb6e1c99f3db0bd,108
4f04b10d2fb6e1c99f3db0be,546
4f04b1572fb6e1c99f3db0bf,663
4f04b25d2fb6e1c99f3db0c0,700
4f2a210c4b9023bd5841ed28,154
4f2a23984b9023bd5841ed2c,542
4f2a25ac4b909258e854f55f,550
4f4528bc4b90abdf24c9de85,659
4f452cd44b9081a197eba860,89
4f4530164b9074f6e4fb00ff,78
4f4530a74b9074f6e4fb0100,288
4f4531084b9074f6e4fb0101,6
4f4531504b9074f6e4fb0102,593
4f4531b14b9074f6e4fb0103,526
4f4532974b9074f6e4fb0104,373
4f4533804b9074f6e4fb0105,116
4f4533814b9074f6e4fb0106,116
4f4533814b9074f6e4fb0107,557
4f4534884b9074f6e4fb0174,123
4fbc1be21983fc883593e321,213
4fceea171983d5d06c3e9823,253
5032764e91d4c4b30a586d5a,36
5032781d91d4c4b30a586d5b,676
5032792091d4c4b30a586d5c,357
50327c8591d4c4b30a586d5d,298
5032829591d4c4b30a586d5e,572
5032833091d4c4b30a586d60,120
5032848691d4c4b30a586d61,719
5032850891d4c4b30a586d62,364
5032856091d4c4b30a586d63,26
5032872391d4c4b30a586d64,395
503287a291d4c4b30a586d65,183
5032885091d4c4b30a586d66,155
503288ae91d4c4b30a586d67,186
5032891291d4c4b30a586d68,60
5032897c91d4c4b30a586d69,92
503289d391d4c4b30a586d6a,344
50328a4b91d4c4b30a586d6b,621
50328a8e91d4c4b30a586d6c,88
507c8c4091d498d9fc8c67a9,205
50aa9e094b90af0d42d5de0d,94
50aa9e744b90af0d42d5de0e,110
50aaa4314b90af0d42d5de10,479
50aaa49e4b90af0d42d5de11,37
50aaa5234b90af0d42d5de12,134
50be8ee891d4fa8dcc7199a7,176
50d5fff05f2e4490fea8b152,547
50eb8bce222ffbae7d117ef3,547
5109983191d435c0d71c2bb1,264
512e7cae91d4cbb4e5efe0af,33
5154bc61e4b092a6bf6804ef,547
51b0e4f3498e11af067816a5,547
51d83005498e32f14b9123cd,547
522e32fae4b09b556e370f19,166
524a7cacf4729b8e1fb133d0,547
5267e446e4b0ec79466e48c4,241
5267e4d8e4b0ec79466e48c5,24
5267e4d9e4b0ec79466e48c6,72
5267e4d9e4b0ec79466e48c7,132
5267e4d9e4b0ec79466e48c8,132
5267e4d9e4b0ec79466e48c9,71
5267e4d9e4b0ec79466e48d1,91
52741d85e4b0d5d1e3c6a6d9,576
52795e3111d247fb9fdf6f0d,547
5283c7b4e4b094cb91ec88d4,181
5283c7b4e4b094cb91ec88d5,517
5283c7b4e4b094cb91ec88d6,232
5283c7b4e4b094cb91ec88d7,486
5283c7b4e4b094cb91ec88d8,383
5283c7b4e4b094cb91ec88d9,213
5283c7b4e4b094cb91ec88da,531
5283c7b4e4b094cb91ec88db,491
52939a643cf9994f4e043a33,342
52939a7d3cf9994f4e043a34,681
52939a8c3cf9994f4e043a35,398
52939a9e3cf9994f4e043a36,218
52939aae3cf9994f4e043a37,218
52939ab93cf9994f4e043a38,218
52939ac53cf9994f4e043a39,218
52939ad03cf9994f4e043a3a,218
52939ae13cf9994f4e043a3b,273
52939aed3cf9994f4e043a3c,534
52939af83cf9994f4e043a3d,435
5293a7563cf9994f4e043a44,204
5293a7d53cf9994f4e043a45,324
5294c55c3cf9994f4e043a61,214
5294c7523cf9994f4e043a62,237
5294cbda3cf9994f4e043a63,213
52960bac3cf9994f4e043ac4,624
52960eda3cf9994f4e043ac5,570
52960eda3cf9994f4e043ac6,667
52960eda3cf9994f4e043ac7,230
52960eda3cf9994f4e043ac8,232
52960eda3cf9994f4e043ac9,239
52960eda3cf9994f4e043aca,232
52960eda3cf9994f4e043acb,275
52960eda3cf9994f4e043acc,473
52af0bd33cf9994f4e043bdd,168
52af39fb3cf9994f4e043be9,203
52af3a5e3cf9994f4e043bea,248
52af3a673cf9994f4e043beb,338
52af3a723cf9994f4e043bec,233
52af3a7c3cf9994f4e043bed,234
52af3a903cf9994f4e043bee,339
52af3a9f3cf9994f4e043bef,384
52af3aaa3cf9994f4e043bf0,426
52af3ab53cf9994f4e043bf1,438
52af3abe3cf9994f4e043bf2,441
52af3ac83cf9994f4e043bf3,442
52af3ad23cf9994f4e043bf4,232
52af3add3cf9994f4e043bf5,456
52af3ae63cf9994f4e043bf6,463
52af3af23cf9994f4e043bf7,462
52af3afc3cf9994f4e043bf8,233
52af3b053cf9994f4e043bf9,469
52af3b213cf9994f4e043bfa,233
52af3b293cf9994f4e043bfb,233
52af3b343cf9994f4e043bfc,510
52af3b3b3cf9994f4e043bfd,516
52af3b463cf9994f4e043bfe,582
52af3b513cf9994f4e043bff,233
52af3b593cf9994f4e043c00,233
52af3b633cf9994f4e043c01,208
52af3b6e3cf9994f4e043c02,641
52af3b773cf9994f4e043c03,233
52af3b813cf9994f4e043c04,677
52af3b893cf9994f4e043c05,233
52af3b913cf9994f4e043c06,734
52af3b9a3cf9994f4e043c07,233
52af3ba23cf9994f4e043c08,233
52c71aaf3cf9994f4e043d17,519
52dea92d3cf9994f4e043dbb,200
52e81612bcbc57f1066b79e6,500
52e81612bcbc57f1066b79e7,9
52e81612bcbc57f1066b79e8,50
52e81612bcbc57f1066b79e9,47
52e81612bcbc57f1066b79ea,61
52e81612bcbc57f1066b79eb,49
52e81612bcbc57f1066b79ec,629
52e81612bcbc57f1066b79ed,64
52e81612bcbc57f1066b79ee,664
52e81612bcbc57f1066b79ef,55
52e81612bcbc57f1066b79f1,213
52e81612bcbc57f1066b79f2,213
52e81612bcbc57f1066b79f3,654
52e81612bcbc57f1066b79f4,302
52e81612bcbc57f1066b79f7,187
52e81612bcbc57f1066b79f8,187
52e81612bcbc57f1066b79f9,209
52e81612bcbc57f1066b79fa,219
52e81612bcbc57f1066b79fb,203
52e81612bcbc57f1066b79fc,188
52e81612bcbc57f1066b79fd,172
52e81612bcbc57f1066b79fe,444
52e81612bcbc57f1066b79ff,443
52e81612bcbc57f1066b7a00,353
52e81612bcbc57f1066b7a01,223
52e81612bcbc57f1066b7a02,209
52e81612bcbc57f1066b7a03,231
52e81612bcbc57f1066b7a04,221
52e81612bcbc57f1066b7a05,400
52e81612bcbc57f1066b7a06,164
52e81612bcbc57f1066b7a09,232
52e81612bcbc57f1066b7a0a,588
52e81612bcbc57f1066b7a0c,301
52e81612bcbc57f1066b7a0d,281
52e81612bcbc57f1066b7a0e,190
52e81612bcbc57f1066b7a0f,161
52e81612bcbc57f1066b7a10,15
52e81612bcbc57f1066b7a11,35
52e81612bcbc57f1066b7a12,114
52e81612bcbc57f1066b7a13,549
52e81612bcbc57f1066b7a14,37
52e81612bcbc57f1066b7a21,77
52e81612bcbc57f1066b7a22,165
52e81612bcbc57f1066b7a23,124
52e81612bcbc57f1066b7a24,124
52e81612bcbc57f1066b7a25,157
52e81612bcbc57f1066b7a26,77
52e81612bcbc57f1066b7a27,19
52e81612bcbc57f1066b7a28,19
52e81612bcbc57f1066b7a29,44
52e81612bcbc57f1066b7a2b,142
52e81612bcbc57f1066b7a2c,137
52e81612bcbc57f1066b7a2d,85
52e81612bcbc57f1066b7a2e,658
52e81612bcbc57f1066b7a2f,0
52e81612bcbc57f1066b7a30,106
52e81612bcbc57f1066b7a31,26
52e81612bcbc57f1066b7a32,368
52e81612bcbc57f1066b7a33,651
52e81612bcbc57f1066b7a34,355
52e81612bcbc57f1066b7a35,104
52e81612bcbc57f1066b7a36,138
52e81612bcbc57f1066b7a37,380
52e81612bcbc57f1066b7a38,95
52e81612bcbc57f1066b7a39,126
52e81612bcbc57f1066b7a3a,340
52e81612bcbc57f1066b7a3b,240
52e81612bcbc57f1066b7a3c,179
52e81612bcbc57f1066b7a3d,69
52e81612bcbc57f1066b7a3e,38
52e81612bcbc57f1066b7a3f,38
52e81612bcbc57f1066b7a40,38
52e81612bcbc57f1066b7a41,20
52e81612bcbc57f1066b7a42,388
52e81612bcbc57f1066b7a43,9
52e81612bcbc57f1066b7a44,671
52e81612bcbc57f1066b7a45,116
52e81612bcbc57f1066b7a46,116
52e81612bcbc57f1066b7a47,25
52e81612bcbc57f1066b7a48,499
52e81612bcbc57f1066b7a49,417
52e816a6bcbc57f1066b7a54,138
52e928d0bcbc57f1066b7e96,228
52e928d0bcbc57f1066b7e97,282
52e928d0bcbc57f1066b7e98,221
52e928d0bcbc57f1066b7e9a,232
52e928d0bcbc57f1066b7e9b,228
52e928d0bcbc57f1066b7e9c,214
52e928d0bcbc57f1066b7e9d,285
52f2ab2ebcbc57f1066b8b16,161
52f2ab2ebcbc57f1066b8b17,201
52f2ab2ebcbc57f1066b8b18,354
52f2ab2ebcbc57f1066b8b19,35
52f2ab2ebcbc57f1066b8b1a,114
52f2ab2ebcbc57f1066b8b1b,200
52f2ab2ebcbc57f1066b8b1c,424
52f2ab2ebcbc57f1066b8b1d,13
52f2ab2ebcbc57f1066b8b1e,504
52f2ab2ebcbc57f1066b8b1f,105
52f2ab2ebcbc57f1066b8b20,290
52f2ab2ebcbc57f1066b8b21,662
52f2ab2ebcbc57f1066b8b22,568
52f2ab2ebcbc57f1066b8b23,178
52f2ab2ebcbc57f1066b8b24,422
52f2ab2ebcbc57f1066b8b25,490
52f2ab2ebcbc57f1066b8b26,688
52f2ab2ebcbc57f1066b8b27,524
52f2ab2ebcbc57f1066b8b28,601
52f2ab2ebcbc57f1066b8b29,122
52f2ab2ebcbc57f1066b8b2a,322
52f2ab2ebcbc57f1066b8b2b,158
52f2ab2ebcbc57f1066b8b2c,449
52f2ab2ebcbc57f1066b8b2d,331
52f2ab2ebcbc57f1066b8b2e,721
52f2ab2ebcbc57f1066b8b2f,84
52f2ab2ebcbc57f1066b8b30,152
52f2ab2ebcbc57f1066b8b31,90
52f2ab2ebcbc57f1066b8b32,271
52f2ab2ebcbc57f1066b8b33,11
52f2ab2ebcbc57f1066b8b34,580
52f2ab2ebcbc57f1066b8b35,200
52f2ab2ebcbc57f1066b8b36,465
52f2ab2ebcbc57f1066b8b37,613
52f2ab2ebcbc57f1066b8b38,39
52f2ab2ebcbc57f1066b8b39,81
52f2ab2ebcbc57f1066b8b3a,414
52f2ab2ebcbc57f1066b8b3b,341
52f2ab2ebcbc57f1066b8b3c,522
52f2ab2ebcbc57f1066b8b3d,598
52f2ab2ebcbc57f1066b8b3f,183
52f2ab2ebcbc57f1066b8b40,39
52f2ab2ebcbc57f1066b8b41,200
52f2ab2ebcbc57f1066b8b42,283
52f2ab2ebcbc57f1066b8b43,605
52f2ab2ebcbc57f1066b8b44,182
52f2ab2ebcbc57f1066b8b45,566
52f2ab2ebcbc57f1066b8b46,194
52f2ab2ebcbc57f1066b8b47,295
52f2ab2ebcbc57f1066b8b48,99
52f2ab2ebcbc57f1066b8b49,371
52f2ab2ebcbc57f1066b8b4a,704
52f2ab2ebcbc57f1066b8b4b,291
52f2ab2ebcbc57f1066b8b4c,478
52f2ab2ebcbc57f1066b8b4d,30
52f2ab2ebcbc57f1066b8b4e,30
52f2ab2ebcbc57f1066b8b4f,113
52f2ab2ebcbc57f1066b8b50,308
52f2ab2ebcbc57f1066b8b51,118
52f2ab2ebcbc57f1066b8b53,77
52f2ab2ebcbc57f1066b8b54,200
52f2ab2ebcbc57f1066b8b55,77
52f2ab2ebcbc57f1066b8b56,236
52f2ab2ebcbc57f1066b8b57,399
52f2ae52bcbc57f1066b8b81,219
530e33ccbcbc57f1066bbfe4,73
530e33ccbcbc57f1066bbff3,94
530e33ccbcbc57f1066bbff7,360
530e33ccbcbc57f1066bbff8,73
530e33ccbcbc57f1066bbff9,717
530faca9bcbc57f1066bc2f2,213
530faca9bcbc57f1066bc2f3,292
530faca9bcbc57f1066bc2f4,213
5310b8e5bcbc57f1066bcbf1,602
5345731ebcbc57f1066c39b2,361
5370f356bcbc57f1066c94c2,196
53d6c1b0e4b02351e88a83d2,683
53d6c1b0e4b02351e88a83d4,189
53d6c1b0e4b02351e88a83d6,129
53d6c1b0e4b02351e88a83d8,160
53d6c1b0e4b02351e88a83da,532
53d6c1b0e4b02351e88a83dc,213
53d6c1b0e4b02351e88a83de,703
53d6c1b0e4b02351e88a83e0,232
53d6c1b0e4b02351e88a83e2,211
53d6c1b0e4b02351e88a83e4,511
53d6c1b0e4b02351e88a83e6,213
53d6c1b0e4b02351e88a83e8,294
53e0feef498e5aac066fd8a9,110
53e510b7498ebcb1801b55d4,552
53fca564498e1a175f32528b,3
54135bf5e4b08f3d2429dfdd,227
54135bf5e4b08f3d2429dfde,226
54135bf5e4b08f3d2429dfdf,471
54135bf5e4b08f3d2429dfe0,544
54135bf5e4b08f3d2429dfe1,375
54135bf5e4b08f3d2429dfe2,328
54135bf5e4b08f3d2429dfe3,386
54135bf5e4b08f3d2429dfe4,472
54135bf5e4b08f3d2429dfe5,247
54135bf5e4b08f3d2429dfe6,225
54135bf5e4b08f3d2429dfe7,187
54135bf5e4b08f3d2429dfe8,434
54135bf5e4b08f3d2429dfe9,439
54135bf5e4b08f3d2429dfea,480
54135bf5e4b08f3d2429dfeb,485
54135bf5e4b08f3d2429dfec,232
54135bf5e4b08f3d2429dfed,487
54135bf5e4b08f3d2429dfee,512
54135bf5e4b08f3d2429dfef,232
54135bf5e4b08f3d2429dff0,608
54135bf5e4b08f3d2429dff1,225
54135bf5e4b08f3d2429dff2,334
54135bf5e4b08f3d2429dff3,270
54135bf5e4b08f3d2429dff4,543
54135bf5e4b08f3d2429dff5,224
54135bf5e4b08f3d2429dff6,227
5413605de4b0ae91d18581a9,660
541cdb48fdf3a72d8ba1ebc5,547
5453de49498eade8af355881,151
5454144b498ec1f095bff2f2,358
5454152e498ef71e2b9132c6,132
54541900498ea6ccd0202697,445
545419b1498ea6ccd0202f58,59
54541b70498ea6ccd0204bff,111
54f4ba06498e2cf5561da814,97
55077a22498e5e9248869ba2,365
554a5e17498efabeda6cc559,93
556debf6498e6025fb89cff6,547
5579b01c498e1b84b03c05c9,547
55888a5a498e782e3303b43a,75
559acbe0498e472f1a53fa23,403
559db5c2498e8ede5d8b95f2,547
559dc53b498e4aa0e5eb37bf,547
559eb26b498e877f08f3198a,547
55a59a31e4b013909087cb00,685
55a59af1e4b013909087cb03,693
55a59bace4b013909087cb06,232
55a59bace4b013909087cb09,212
55a59bace4b013909087cb0c,382
55a59bace4b013909087cb0f,232
55a59bace4b013909087cb12,212
55a59bace4b013909087cb15,208
55a59bace4b013909087cb18,563
55a59bace4b013909087cb1b,537
55a59bace4b013909087cb1e,548
55a59bace4b013909087cb21,232
55a59bace4b013909087cb24,611
55a59bace4b013909087cb27,649
55a59bace4b013909087cb2a,706
55a59bace4b013909087cb2d,156
55a59bace4b013909087cb30,481
55a59bace4b013909087cb33,156
55a59bace4b013909087cb36,212
55a5a1ebe4b013909087cb74,213
55a5a1ebe4b013909087cb77,7
55a5a1ebe4b013909087cb79,514
55a5a1ebe4b013909087cb7c,128
55a5a1ebe4b013909087cb7f,213
55a5a1ebe4b013909087cb83,232
55a5a1ebe4b013909087cb86,220
55a5a1ebe4b013909087cb89,397
55a5a1ebe4b013909087cb8c,623
55a5a1ebe4b013909087cb8f,222
55a5a1ebe4b013909087cb92,189
55a5a1ebe4b013909087cb95,313
55a5a1ebe4b013909087cb98,232
55a5a1ebe4b013909087cb9b,423
55a5a1ebe4b013909087cb9e,232
55a5a1ebe4b013909087cba1,277
55a5a1ebe4b013909087cba4,312
55a5a1ebe4b013909087cba7,232
55a5a1ebe4b013909087cbaa,589
55a5a1ebe4b013909087cbad,714
55a5a1ebe4b013909087cbb0,518
55a5a1ebe4b013909087cbb3,232
55a5a1ebe4b013909087cbb6,211
55a5a1ebe4b013909087cbb9,653
55a5a1ebe4b013909087cbbc,701
55a5a1ebe4b013909087cbbf,506
55a5a1ebe4b013909087cbc2,707
55c1662f498e3e3e77c73e36,547
55c18c28498e06b3470e2a10,547
55c4e7db498ebb683b33b169,547
55d25775498e9f6a0816a37a,213
55d83736340b4b3d0a683e13,547
55f0bdb2498ef85dec5041af,547
560c923c498e239cc57264e5,547
56296a20498eef10bddafadb,547
56390646cd107a1572ff1b60,547
5642206c498e4bfca532186c,123
565d377b498e3e8eb3eaff5b,547
565d476c498e7ec1b1a4d5f5,547
5665c7b9498e7d8a4f2c0f06,175
5665ef1d498ec706735f0e59,359
568ac53d498eb224edcbfba3,547
5699ab2238fa42c9c96f734a,547
56aa371ae4b08b9a8d5734ba,687
56aa371be4b08b9a8d5734bd,232
56aa371be4b08b9a8d5734bf,679
56aa371be4b08b9a8d5734c1,181
56aa371be4b08b9a8d5734c3,45
56aa371be4b08b9a8d5734c5,725
56aa371be4b08b9a8d5734c7,204
56aa371be4b08b9a8d5734cb,278
56aa371be4b08b9a8d5734cf,56
56aa371be4b08b9a8d5734d7,475
56aa371be4b08b9a8d5734db,246
56aa371be4b08b9a8d5734de,387
56aa371be4b08b9a8d5734e1,34
56aa371be4b08b9a8d5734e4,293
56aa371be4b08b9a8d5734e7,440
56aa371be4b08b9a8d5734ea,632
56aa371be4b08b9a8d5734ed,232
56aa371be4b08b9a8d5734f0,232
56aa371be4b08b9a8d5734f3,206
56aa371be4b08b9a8d5734f6,213
56aa371be4b08b9a8d5734f9,631
56aa371be4b08b9a8d5734fc,38
56aa371be4b08b9a8d5734ff,523
56aa371be4b08b9a8d573502,232
56aa371be4b08b9a8d573505,418
56aa371be4b08b9a8d573508,92
56aa371be4b08b9a8d57350b,110
56aa371be4b08b9a8d57350e,232
56aa371be4b08b9a8d573511,325
56aa371be4b08b9a8d573514,61
56aa371be4b08b9a8d573517,306
56aa371be4b08b9a8d57351a,369
56aa371be4b08b9a8d57351d,100
56aa371be4b08b9a8d573520,78
56aa371be4b08b9a8d573523,410
56aa371be4b08b9a8d573526,709
56aa371be4b08b9a8d573529,172
56aa371be4b08b9a8d57352c,89
56aa371be4b08b9a8d57352f,117
56aa371be4b08b9a8d573532,205
56aa371be4b08b9a8d573535,232
56aa371be4b08b9a8d573538,690
56aa371be4b08b9a8d57353b,52
56aa371be4b08b9a8d57353e,599
56aa371be4b08b9a8d573541,74
56aa371be4b08b9a8d573544,280
56aa371be4b08b9a8d573547,21
56aa371be4b08b9a8d57354a,535
56aa371be4b08b9a8d57354d,197
56aa371be4b08b9a8d573550,110
56aa371be4b08b9a8d573552,34
56aa371be4b08b9a8d573554,131
56aa371be4b08b9a8d573556,146
56aa371be4b08b9a8d573558,218
56aa371be4b08b9a8d57355a,219
56aa371be4b08b9a8d57355c,711
56aa371be4b08b9a8d57355e,284
56aa371be4b08b9a8d573560,21
56aa371be4b08b9a8d573562,52
56aa371be4b08b9a8d573564,634
56aa371be4b08b9a8d573566,162
56aa371be4b08b9a8d573568,230
56aa371be4b08b9a8d57356a,133
56aa371ce4b08b9a8d57356c,198
56aa371ce4b08b9a8d57356e,448
56aa371ce4b08b9a8d573570,115
56aa371ce4b08b9a8d573572,223
56aa371ce4b08b9a8d573574,215
56aa371ce4b08b9a8d573576,670
56aa371ce4b08b9a8d573578,574
56aa371ce4b08b9a8d57357b,232
56aa371ce4b08b9a8d57357f,221
56aa371ce4b08b9a8d573583,251
56aa371ce4b08b9a8d573587,638
56aa371ce4b08b9a8d57358b,18
56aa371ce4b08b9a8d57358e,18
56aa371ce4b08b9a8d573592,223
56afac36498e1e5a1c8fef0b,547
56afbf43498eac5836965ccd,547
56afc23d498eb223937d8dc8,547
56aff73c498e66e925ec1ca1,547
56e06436cd10ebe60c7e3578,547
56feccb9cd10ff98d52ca342,547
57248e72498ea2e8cf6b1b89,547
5744ccdde4b0c0459246b4a3,164
5744ccdfe4b0c0459246b4a8,674
5744ccdfe4b0c0459246b4ac,488
5744ccdfe4b0c0459246b4af,100
5744ccdfe4b0c0459246b4b2,590
5744ccdfe4b0c0459246b4b5,474
5744ccdfe4b0c0459246b4b8,569
5744ccdfe4b0c0459246b4bb,29
5744ccdfe4b0c0459246b4be,370
5744ccdfe4b0c0459246b4c1,41
5744ccdfe4b0c0459246b4c4,19
5744ccdfe4b0c0459246b4c7,335
5744ccdfe4b0c0459246b4ca,494
5744ccdfe4b0c0459246b4cd,668
5744ccdfe4b0c0459246b4d0,391
5744ccdfe4b0c0459246b4d3,737
5744ccdfe4b0c0459246b4d6,195
5744ccdfe4b0c0459246b4d9,12
5744ccdfe4b0c0459246b4dc,184
5744ccdfe4b0c0459246b4df,184
5744ccdfe4b0c0459246b4e2,200
5744ccdfe4b0c0459246b4e5,122
5744ccdfe4b0c0459246b4e8,122
5745c2e4498e11e7bccabdbd,96
5745c7ac498e5d0483112fdb,216
574c782b498eaa071cc52aad,547
574df100498ea9ee06e8038c,547
5751f25b498e1ca6450b84cd,547
57521227498e3689952cdd92,547
57558b35e4b065ecebd306ad,508
57558b36e4b065ecebd306b0,296
57558b36e4b065ecebd306b2,497
57558b36e4b065ecebd306b4,213
57558b36e4b065ecebd306b6,232
57558b36e4b065ecebd306b8,232
57558b36e4b065ecebd306ba,210
57558b36e4b065ecebd306bc,215
57558b36e4b065ecebd306c0,304
57558b36e4b065ecebd306c5,297
57558b36e4b065ecebd306cb,215
57558b36e4b065ecebd306ce,326
57558b36e4b065ecebd306d1,222
57558b36e4b065ecebd306d4,554
57558b36e4b065ecebd306d7,232
57558b36e4b065ecebd306da,635
57558b36e4b065ecebd306dd,702
5776c119498e545ee1b12915,547
57a1a26c498e2fa099655b86,547
57c5edb9498efcc1c5023697,547
57c7ae7e498e504e9fcb539c,547
57c8d980498e310e89f52734,547
57d43813498e432ca8b09c0d,547
57d498c5498eb7b15e534fc4,547
5807bacd38fa792cf1b34003,547
580f3bab38fa29751d1b66ab,547
5812893938fa04f03d5f5fd0,547
5812f55b38fa608e86465c85,547
5813250438fa5d7df1468007,547
5813bbe638fa6cd45bf7a691,547
581d01f71dbf6c6cf4ec8286,547
583f50e3f63c54436722fe59,547
585c0840eef5da0d3a4ce587,547
589ddde98ae3635c072819ee,392
58daa1548bbb0b01f18ec1a9,4
58daa1558bbb0b01f18ec1ac,6
58daa1558bbb0b01f18ec1ae,633
58daa1558bbb0b01f18ec1b0,436
58daa1558bbb0b01f18ec1b2,195
58daa1558bbb0b01f18ec1b4,173
58daa1558bbb0b01f18ec1b9,2
58daa1558bbb0b01f18ec1bc,262
58daa1558bbb0b01f18ec1c0,213
58daa1558bbb0b01f18ec1c4,432
58daa1558bbb0b01f18ec1c7,213
58daa1558bbb0b01f18ec1ca,372
58daa1558bbb0b01f18ec1cd,174
58daa1558bbb0b01f18ec1d0,559
58daa1558bbb0b01f18ec1d3,327
58daa1558bbb0b01f18ec1d6,205
58daa1558bbb0b01f18ec1d9,213
58daa1558bbb0b01f18ec1dc,213
58daa1558bbb0b01f18ec1df,591
58daa1558bbb0b01f18ec1e2,213
58daa1558bbb0b01f18ec1e5,200
58daa1558bbb0b01f18ec1e8,200
58daa1558bbb0b01f18ec1eb,213
58daa1558bbb0b01f18ec1ee,206
58daa1558bbb0b01f18ec1f1,476
58daa1558bbb0b01f18ec1f4,218
58daa1558bbb0b01f18ec1f7,180
58daa1558bbb0b01f18ec1fa,503
58daa1558bbb0b01f18ec1fd,70
58daa1558bbb0b01f18ec200,367
58daa1558bbb0b01f18ec203,98
58daa1558bbb0b01f18ec206,528
590a0744340a5803fd8508c3,726
593594f9840fc252f7d93039,547
598d0f732632ec71ddcb95a8,547
59d79d6b2e268052fa2a3332,182
5a4ba27a4acb1973fbb119d0,547
5a72e62b916bc106c28e7d0c,547
5a9f661d054e29658b33f792,547
5ac5e400a35dce2caa7f3af5,547
5ae89d0f89ad4600247193d8,547
5ae9595eb77c77002c2f9f26,515
5ae95d208a6f17002ce792b2,555
5b23800aa92d98002cfd14fb,547
5bae9231bedf3950379f89c3,24
5bae9231bedf3950379f89c5,136
5bae9231bedf3950379f89c7,728
5bae9231bedf3950379f89c9,38
5bae9231bedf3950379f89cb,147
5bae9231bedf3950379f89cd,7
5bae9231bedf3950379f89d0,77
5bae9231bedf3950379f89d2,46
5bae9231bedf3950379f89d4,595
5bae9231bedf3950379f89da,186
5bae9231bedf3950379f89e1,394
5bae9231bedf3950379f89e4,642
5bae9231bedf3950379f89e7,186
5bae9231bedf3950379f89ea,174
5be49768ab42d9002ca5ad49,547
5c2bc9c9971317002d701d43,547
5c3cdb423e6741002c575a3f,547
5d1c4632b55cb80023973252,547
5d2da26b01cd31002373fbb0,547
5d60d98ae4330c0008a03c60,547
5d6df8683b14a00007155fa7,547
5d6ed598a27e1a00076ec96a,547
5d8dc646bc58110008d52d17,547
5d936d272e04ea00083180fb,547
5d9379b4bf9d570008001f70,547
5dadbdb92e1828000775da71,547
5daef4ec7f94600008609051,547
5e0ced090efdd90008ce3bc7,547
5e179ee74ae8e90006e9a746,224
5e18993feee47d000759b256,345
5e189d71eee47d000759b7e2,213
5e189fd6eee47d000759bbfd,343
5e3608935e05b80008db34d0,547
5e39ce9af7d9cd0008152ddc,547
5e39d15b221cb900082863b4,547
5e3a08282ca8ce0007d41e88,547
5e5d4576e079c800080b92c3,547
5e62ae0f07d6d8000821243e,547
5e84df97d5000e00082f6d75,547
5e8579094ca7ad0008403bce,547
5e868425c1212d0007aaa479,547
5e8f501a03c7a9000c1e2e88,163
5e8f50bd03c7a9000c1e2fbc,163
5eaa094dae3590000794eba1,547
5ecaa46e703acd0d0e862169,547
5ed51f4153dd4e0008321505,547
5ee125c0c1bdb621c6e14d46,547
5ef22f9f1d851300080d3066,547
5f2477b532d36359cd750f3e,547
5f25ef8a86c65e79bd30cb28,547
5f2c14a5b6d05514c7042eb7,27
5f2c1af1b6d05514c704319d,520
5f2c1c31b6d05514c704334c,22
5f2c1e0db6d05514c70436d4,713
5f2c224bb6d05514c70440a3,48
5f2c239eb6d05514c70441ee,232
5f2c2436b6d05514c704433e,229
5f2c2834b6d05514c704451e,404
5f2c2abab6d05514c70446e4,216
5f2c2b7db6d05514c7044837,181
5f2c32587ff30c0d7ac09638,455
5f2c344a5b4c177b9a6dc011,525
5f2c3f6b5b4c177b9a6dc388,492
5f2c407c5b4c177b9a6dc536,429
5f2c40f15b4c177b9a6dc684,466
5f2c41945b4c177b9a6dc7d6,470
5f2c42335b4c177b9a6dc927,28
5f2c430e5b4c177b9a6dcabd,643
5f2c43a65b4c177b9a6dcc62,286
5f2c5a295b4c177b9a6ddd0e,107
5f2c5b8b5b4c177b9a6ddf0b,457
5f2c5de85b4c177b9a6de29c,715
5fa0da9c4b33373e3cf6bcac,547
5fabfc8099ce226e27fe6b0d,289
5fabfe3599ce226e27fe709a,14
5fac002599ce226e27fe72e5,255
5fac010d99ce226e27fe7467,14
5fac018b99ce226e27fe7573,74
5fc9be6c556f7c70b058f2dc,547
6011bc08118e1c02e60bfe20,547
60184f7ddb1b546532fce944,547
60a674555c7917283bad6839,245
615426579117a603034b87d4,547
6295746dc3b8c85e0baf646a,547
62d587aeda6648532de2b88c,149
62d5af45da6648532de303ee,33
63be6904847c3692a84b9b20,17
63be6904847c3692a84b9b21,32
63be6904847c3692a84b9b22,55
63be6904847c3692a84b9b23,56
63be6904847c3692a84b9b24,578
63be6904847c3692a84b9b25,691
63be6904847c3692a84b9b26,128
63be6904847c3692a84b9b27,252
63be6904847c3692a84b9b28,258
63be6904847c3692a84b9b29,266
63be6904847c3692a84b9b2a,268
63be6904847c3692a84b9b2b,269
63be6904847c3692a84b9b2c,120
63be6904847c3692a84b9b2d,562
63be6904847c3692a84b9b2e,646
63be6904847c3692a84b9b2f,692
63be6904847c3692a84b9b30,694
63be6904847c3692a84b9b31,40
63be6904847c3692a84b9b32,150
63be6904847c3692a84b9b33,319
63be6904847c3692a84b9b34,333
63be6904847c3692a84b9b35,84
63be6904847c3692a84b9b36,57
63be6904847c3692a84b9b37,363
63be6904847c3692a84b9b38,377
63be6904847c3692a84b9b39,67
63be6904847c3692a84b9b3a,57
63be6904847c3692a84b9b3b,131
63be6904847c3692a84b9b3c,34
63be6904847c3692a84b9b3d,412
63be6904847c3692a84b9b3e,238
63be6904847c3692a84b9b3f,82
63be6904847c3692a84b9b40,62
63be6904847c3692a84b9b41,346
63be6904847c3692a84b9b42,23
63be6904847c3692a84b9b43,411
63be6904847c3692a84b9b44,23
63be6904847c3692a84b9b45,62
63be6904847c3692a84b9b46,213
63be6904847c3692a84b9b47,110
63be6904847c3692a84b9b48,430
63be6904847c3692a84b9b49,16
63be6904847c3692a84b9b4a,16
63be6904847c3692a84b9b4b,645
63be6904847c3692a84b9b4c,19
63be6904847c3692a84b9b4d,321
63be6904847c3692a84b9b4e,323
63be6904847c3692a84b9b4f,337
63be6904847c3692a84b9b50,374
63be6904847c3692a84b9b51,43
63be6904847c3692a84b9b52,67
63be6904847c3692a84b9b53,407
63be6904847c3692a84b9b54,43
63be6904847c3692a84b9b55,57
63be6904847c3692a84b9b56,447
63be6904847c3692a84b9b57,453
63be6904847c3692a84b9b58,59
63be6904847c3692a84b9b59,135
63be6904847c3692a84b9b5a,489
63be6904847c3692a84b9b5b,498
63be6904847c3692a84b9b5c,541
63be6904847c3692a84b9b5d,573
63be6904847c3692a84b9b5e,585
63be6904847c3692a84b9b5f,594
63be6904847c3692a84b9b60,13
63be6904847c3692a84b9b61,625
63be6904847c3692a84b9b62,57
63be6904847c3692a84b9b63,101
63be6904847c3692a84b9b64,124
63be6904847c3692a84b9b65,708
63be6904847c3692a84b9b66,464
63be6904847c3692a84b9b67,105
63be6904847c3692a84b9b68,67
63be6904847c3692a84b9b69,195
63be6904847c3692a84b9b6a,158
63be6904847c3692a84b9b6b,183
63be6904847c3692a84b9b6c,468
63be6904847c3692a84b9b6d,505
63be6904847c3692a84b9b6e,103
63be6904847c3692a84b9b6f,150
63be6904847c3692a84b9b70,103
63be6904847c3692a84b9b71,150
63be6904847c3692a84b9b72,107
63be6904847c3692a84b9b73,67
63be6904847c3692a84b9b74,68
63be6904847c3692a84b9b75,154
63be6904847c3692a84b9b76,177
63be6904847c3692a84b9b77,69
63be6904847c3692a84b9b78,575
63be6904847c3692a84b9b79,92
63be6904847c3692a84b9b7a,92
63be6904847c3692a84b9b7b,586
63be6904847c3692a84b9b7c,93
63be6904847c3692a84b9b7d,93
63be6904847c3692a84b9b7e,63
63be6904847c3692a84b9b7f,69
63be6904847c3692a84b9b80,69
63be6904847c3692a84b9b81,606
63be6904847c3692a84b9b82,607
63be6904847c3692a84b9b83,155
63be6904847c3692a84b9b84,303
63be6904847c3692a84b9b85,155
63be6904847c3692a84b9b86,155
63be6904847c3692a84b9b87,155
63be6904847c3692a84b9b88,155
63be6904847c3692a84b9b89,614
63be6904847c3692a84b9b8a,4
63be6904847c3692a84b9b8b,63
63be6904847c3692a84b9b8c,630
63be6904847c3692a84b9b8d,67
63be6904847c3692a84b9b8e,69
63be6904847c3692a84b9b8f,109
63be6904847c3692a84b9b90,79
63be6904847c3692a84b9b91,10
63be6904847c3692a84b9b92,724
63be6904847c3692a84b9b93,40
63be6904847c3692a84b9b94,698
63be6904847c3692a84b9b95,705
63be6904847c3692a84b9b96,723
63be6904847c3692a84b9b97,727
63be6904847c3692a84b9b98,213
63be6904847c3692a84b9b99,733
63be6904847c3692a84b9b9a,73
63be6904847c3692a84b9b9b,5
63be6904847c3692a84b9b9c,378
63be6904847c3692a84b9b9d,5
63be6904847c3692a84b9b9e,389
63be6904847c3692a84b9b9f,259
63be6904847c3692a84b9ba0,356
63be6904847c3692a84b9ba1,116
63be6904847c3692a84b9ba2,73
63be6904847c3692a84b9ba3,109
63be6904847c3692a84b9ba4,604
63be6904847c3692a84b9ba5,58
63be6904847c3692a84b9ba6,1
63be6904847c3692a84b9ba7,36
63be6904847c3692a84b9ba8,454
63be6904847c3692a84b9ba9,154
63be6904847c3692a84b9baa,88
63be6904847c3692a84b9bab,329
63be6904847c3692a84b9bac,401
63be6904847c3692a84b9bad,496
63be6904847c3692a84b9bae,495
63be6904847c3692a84b9baf,54
63be6904847c3692a84b9bb0,736
63be6904847c3692a84b9bb1,54
63be6904847c3692a84b9bb2,619
63be6904847c3692a84b9bb3,54
63be6904847c3692a84b9bb4,10
63be6904847c3692a84b9bb5,121
63be6904847c3692a84b9bb6,309
63be6904847c3692a84b9bb7,132
63be6904847c3692a84b9bb8,176
63be6904847c3692a84b9bb9,446
63be6904847c3692a84b9bba,235
63be6904847c3692a84b9bbb,60
63be6904847c3692a84b9bbc,58
63be6904847c3692a84b9bbd,58
63be6904847c3692a84b9bbe,179
63be6904847c3692a84b9bbf,59
63be6904847c3692a84b9bc0,336
63be6904847c3692a84b9bc1,126
63be6904847c3692a84b9bc2,112
63be6904847c3692a84b9bc3,556
63be6904847c3692a84b9bc4,558
63be6904847c3692a84b9bc5,567
63be6904847c3692a84b9bc6,171
63be6904847c3692a84b9bc7,159
63be6904847c3692a84b9bc8,318
63be6904847c3692a84b9bc9,159
63be6904847c3692a84b9bca,393
63be6904847c3692a84b9bcb,171
63be6904847c3692a84b9bcc,427
63be6904847c3692a84b9bcd,171
63be6904847c3692a84b9bce,431
63be6904847c3692a84b9bcf,171
63be6904847c3692a84b9bd0,551
63be6904847c3692a84b9bd1,560
63be6904847c3692a84b9bd2,564
63be6904847c3692a84b9bd3,166
63be6904847c3692a84b9bd4,153
63be6904847c3692a84b9bd5,171
63be6904847c3692a84b9bd6,159
63be6904847c3692a84b9bd7,581
63be6904847c3692a84b9bd8,592
63be6904847c3692a84b9bd9,112
63be6904847c3692a84b9bda,610
63be6904847c3692a84b9bdb,617
63be6904847c3692a84b9bdc,710
63be6904847c3692a84b9bdd,213
63be6904847c3692a84b9bde,100
63be6904847c3692a84b9bdf,731
63be6904847c3692a84b9be0,77
63be6904847c3692a84b9be1,77
63be6904847c3692a84b9be2,265
63be6904847c3692a84b9be3,182
63be6904847c3692a84b9be4,163
63be6904847c3692a84b9be5,609
63be6904847c3692a84b9be6,316
63be6904847c3692a84b9be7,538
63be6904847c3692a84b9be8,120
63be6904847c3692a84b9be9,83
63be6904847c3692a84b9bea,80
63be6904847c3692a84b9beb,56
63be6904847c3692a84b9bec,201
63be6904847c3692a84b9bed,75
63be6904847c3692a84b9bee,102
63be6904847c3692a84b9bef,188
63be6904847c3692a84b9bf0,127
63be6904847c3692a84b9bf1,87
63be6904847c3692a84b9bf2,87
63be6904847c3692a84b9bf3,173
63be6904847c3692a84b9bf4,579
63be6904847c3692a84b9bf5,276
63be6904847c3692a84b9bf6,49
63be6904847c3692a84b9bf7,200
63be6904847c3692a84b9bf8,125
63be6904847c3692a84b9bf9,65
63be6904847c3692a84b9bfa,686
63be6904847c3692a84b9bfb,102
63be6904847c3692a84b9bfc,83
63be6904847c3692a84b9bfd,136
63be6904847c3692a84b9bfe,140
63be6904847c3692a84b9bff,139
63be6904847c3692a84b9c00,279
63be6904847c3692a84b9c01,76
63be6904847c3692a84b9c02,76
63be6904847c3692a84b9c03,50
63be6904847c3692a84b9c04,402
63be6904847c3692a84b9c05,141
63be6904847c3692a84b9c06,421
63be6904847c3692a84b9c07,141
63be6904847c3692a84b9c08,49
63be6904847c3692a84b9c09,49
63be6904847c3692a84b9c0a,99
63be6904847c3692a84b9c0b,89
63be6904847c3692a84b9c0c,89
63be6904847c3692a84b9c0d,134
63be6904847c3692a84b9c0e,584
63be6904847c3692a84b9c0f,143
63be6904847c3692a84b9c10,143
63be6904847c3692a84b9c11,143
63be6904847c3692a84b9c12,142
63be6904847c3692a84b9c13,144
63be6904847c3692a84b9c14,137
63be6904847c3692a84b9c15,61
63be6904847c3692a84b9c16,626
63be6904847c3692a84b9c17,47
63be6904847c3692a84b9c18,2
63be6904847c3692a84b9c19,648
63be6904847c3692a84b9c1a,145
63be6904847c3692a84b9c1b,650
63be6904847c3692a84b9c1c,722
63be6904847c3692a84b9c1d,41
63be6904847c3692a84b9c1e,44
63be6904847c3692a84b9c1f,627
63be6904847c3692a84b9c20,640
63be6904847c3692a84b9c21,65
63be6904847c3692a84b9c22,101
63be6904847c3692a84b9c23,101
63be6904847c3692a84b9c24,458
63be6904847c3692a84b9c25,213
63be6904847c3692a84b9c26,130
63be6904847c3692a84b9c27,130
63be6904847c3692a84b9c28,699
63be6904847c3692a84b9c29,117
63be6904847c3692a84b9c2a,603
63be6904847c3692a84b9c2b,330
63be6904847c3692a84b9c2c,502
63be6904847c3692a84b9c2d,111
63d8e78b986bf05577c9e846,547
64400e7bd4270a4f0627b621,547
64e11a4ce3ed1e50e76abc49,547
656468648ac6d8601da432f4,547
6569f2f0a1d787200a258dbb,547
667d7209a8940f1f7cfd1c4e,547
667d720ba8940f1f7cfd1df8,547
667d720da8940f1f7cfd2257,547
667d720da8940f1f7cfd22ae,547
667d720ea8940f1f7cfd2460,547
667d720ea8940f1f7cfd248a,547
667d720ea8940f1f7cfd24b5,547
667d720fa8940f1f7cfd24e0,547
667d720fa8940f1f7cfd2537,547
667d7212a8940f1f7cfd2c97,547
667d7212a8940f1f7cfd2df5,547
667d7212a8940f1f7cfd2e7d,547
667d7213a8940f1f7cfd2ed4,547
667d7213a8940f1f7cfd2f2d,547
667d7213a8940f1f7cfd2f59,547
667d7215a8940f1f7cfd33ee,547
667d7215a8940f1f7cfd3527,547
667d7218a8940f1f7cfd3b0f,547
6683e57fdef18631f0c7cf16,547
6683e57fdef18631f0c7cf45,547
6683e580def18631f0c7cf76,547
6683e580def18631f0c7cfa6,547
6683e580def18631f0c7d003,547
6683e580def18631f0c7d11d,547
6683e581def18631f0c7d2b8,547
6683e581def18631f0c7d371,547
6683e581def18631f0c7d3a0,547
6683e581def18631f0c7d3cf,547
6683e582def18631f0c7d56d,547
6a99dd07690a4e28f5c5468b,547
6bbe387889bf5cb2c595b236,547
702e52ca86824ff8b42e6be8,547
70c4d0c74854475294093b7d,547
7105f1f3f0b84d1a41d06c99,547
7206b3b76b2b4d2af048511b,547
73d42971be9b40764001bde4,547
761658c38d82435f130b9301,547
763582bff9ce1f3c9e8636a8,547
7743aa691c6147b32ea30a5c,547
77d4a24fb0ad43a630d072d7,547
7d560e55b2294481b34a4293,547
7fe99f8c2ed5503bc0ec0fc8,547
802a5b23202519a162f08d5d,547
804a11007f01dfb8bfd7f649,547
8150ff0ac6813a30df8fa1b1,547
81ee9203f7d6225824b5786c,547
83620e90859d4d8438db5d6e,547
85e0e10a6e1ee832c4e6c4c0,547
86ea4b3921d14b46d250b680,547
880a834d96434c82f8e2b0f6,547
8a7bc6bba5cc809210af6351,547
8e0eff47e2e7da140e4ddf1d,547
9279edd629ff036fd7d034bd,547
94e5ff888a7a4d8e8ae96e3f,547
9f2612d080014028fe5574fc,547
a9f3d0a5e0ce4e83c75b9d16,547
aa4bbd833810e9112c896a29,547
adc22b6b781c15f4a5f9db45,547
afbdaf3319f06ae8f83ebdd4,547
b0762f7d766a2c65e21af509,547
b21d91e2f62dc077e76566f5,547
b24f5ec20e76f475fa34551e,547
b51579a1b3c4989ab051c25f,547
b60f82f189dc47544bbacf4c,547
be0c46ba9b4847b74019bc31,547
bea1e531a1670e29e0ad361f,547
bfc464ab915649855810b900,547
c07c3ba3e3e7462bc909aaa3,547
c0b45484d50749b0a7c4cd54,547
c77d573794210adac59caaa7,547
c9f7dce6da7dc3bb985bf923,547
cd33d13a21c483e1545453af,547
ce2e1ac7d5a1449ab6bc45fc,547
cf3ad1c6df0a263ecf17d55b,547
cf97ee698427b1377e47f8ff,547
cfa9864be51c9fd50b63ffc6,547
d5e038cd8bdea484d161617e,547
d6c30001e2cf4bb1519270a4,547
d78a3a7fe9a145c23b639661,547
da42ba62d6746d1266b05d3a,547
db90f55ceafe4701c423cf4c,547
dd47a6396e5d41a24d1a1c69,547
ddb5e5fe845d7842dd6d6bd7,547
e1aa6510b747457396d533f3,547
e70396765c9e5276b087f13d,547
e7b3f3eb1874fead77febdea,547
e8d1677026924722e8d708e5,547
e948b36401a64a1796eaa752,547
ed8dd578ee9449048912ce4c,547
ee3f749b7f6b986c6e1a3251,547
f17996582ad44b0252792fd9,547
f5870876cf8c430f925fd7d4,547
fa9b542f681e32e3dd576191,547
fc0d6adb3825b93e31b50ad0,547
fe690ec2b0ef5a25a0118066,547
fe7db42e3c0343c4a314e12b,547
